维度模式,Sheet名称,w值,排序标准,星数,CV_R2,OOT_SMOOTH_R2,OOT_RAW_R2,alpha,完整文件名
3D_V,整库_w=5,5,合面积,31,0.4423,0.3635,0.2753,1.3898,31星_Ridge_CV-R2_0.4423_OOT-SMOOTH-R2_0.3635_OOT-RAW-R2_0.2753_Params_alpha_1.3898.png
3D_V,整库_w=5,5,合面积,30,0.4429,0.348,0.264,1.4923,30星_Ridge_CV-R2_0.4429_OOT-SMOOTH-R2_0.3480_OOT-RAW-R2_0.2640_Params_alpha_1.4923.png
3D_V,整库_w=5,5,合面积,28,0.4666,0.3398,0.2578,1.9056,28星_Ridge_CV-R2_0.4666_OOT-SMOOTH-R2_0.3398_OOT-RAW-R2_0.2578_Params_alpha_1.9056.png
3D_V,整库_w=4,4,合面积,23,0.4973,0.151,0.1153,12.6356,23星_Ridge_CV-R2_0.4973_OOT-SMOOTH-R2_0.1510_OOT-RAW-R2_0.1153_Params_alpha_12.6356.png
3D_V,整库_w=4,4,合面积,21,0.4928,0.1468,0.112,15.3616,21星_Ridge_CV-R2_0.4928_OOT-SMOOTH-R2_0.1468_OOT-RAW-R2_0.1120_Params_alpha_15.3616.png
3D,整库_w=4,4,合面积,21,0.5089,0.1379,0.1067,13.097,21星_Ridge_CV-R2_0.5089_OOT-SMOOTH-R2_0.1379_OOT-RAW-R2_0.1067_Params_alpha_13.0970.png
3D,整库_w=4,4,合面积,20,0.4457,0.1249,0.0963,6.6628,20星_Ridge_CV-R2_0.4457_OOT-SMOOTH-R2_0.1249_OOT-RAW-R2_0.0963_Params_alpha_6.6628.png
6D,整库_w=4,4,合面积,21,0.4639,0.1221,0.0934,60.6765,21星_Ridge_CV-R2_0.4639_OOT-SMOOTH-R2_0.1221_OOT-RAW-R2_0.0934_Params_alpha_60.6765.png
3D_V,整库_w=4,4,合面积,19,0.4592,0.1111,0.0853,15.396,19星_Ridge_CV-R2_0.4592_OOT-SMOOTH-R2_0.1111_OOT-RAW-R2_0.0853_Params_alpha_15.3960.png
3D,整库_w=4,4,合面积,23,0.5069,0.1047,0.0808,17.0886,23星_Ridge_CV-R2_0.5069_OOT-SMOOTH-R2_0.1047_OOT-RAW-R2_0.0808_Params_alpha_17.0886.png
3D_V,整库_w=4,4,合面积,18,0.4599,0.1048,0.0806,13.6519,18星_Ridge_CV-R2_0.4599_OOT-SMOOTH-R2_0.1048_OOT-RAW-R2_0.0806_Params_alpha_13.6519.png
3D_V,整库_w=4,4,合面积,20,0.4553,0.1024,0.0786,15.8453,20星_Ridge_CV-R2_0.4553_OOT-SMOOTH-R2_0.1024_OOT-RAW-R2_0.0786_Params_alpha_15.8453.png
6D,整库_w=5,5,合平均面积,23,0.4265,0.0823,0.0643,701.9215,23星_Ridge_CV-R2_0.4265_OOT-SMOOTH-R2_0.0823_OOT-RAW-R2_0.0643_Params_alpha_701.9215.png
6D,整库_w=4,4,合面积,23,0.4686,0.0794,0.0612,65.7861,23星_Ridge_CV-R2_0.4686_OOT-SMOOTH-R2_0.0794_OOT-RAW-R2_0.0612_Params_alpha_65.7861.png
3D_V,整库_w=5,5,合平均面积,23,0.458,0.0737,0.0583,420.2025,23星_Ridge_CV-R2_0.4580_OOT-SMOOTH-R2_0.0737_OOT-RAW-R2_0.0583_Params_alpha_420.2025.png
3D_V,整库_w=4,4,合面积,22,0.4964,0.0665,0.0518,16.4933,22星_Ridge_CV-R2_0.4964_OOT-SMOOTH-R2_0.0665_OOT-RAW-R2_0.0518_Params_alpha_16.4933.png
3D,整库_w=4,4,合面积,22,0.512,0.0643,0.0509,15.419,22星_Ridge_CV-R2_0.5120_OOT-SMOOTH-R2_0.0643_OOT-RAW-R2_0.0509_Params_alpha_15.4190.png
3D_V,整库_w=5,5,合面积,18,0.4917,0.0583,0.0451,451.1782,18星_Ridge_CV-R2_0.4917_OOT-SMOOTH-R2_0.0583_OOT-RAW-R2_0.0451_Params_alpha_451.1782.png
3D,整库_w=5,5,合平均面积,18,0.4018,0.0544,0.0428,181.9991,18星_Ridge_CV-R2_0.4018_OOT-SMOOTH-R2_0.0544_OOT-RAW-R2_0.0428_Params_alpha_181.9991.png
3D_V,整库_w=5,5,合面积,16,0.4992,0.0546,0.0424,442.9641,16星_Ridge_CV-R2_0.4992_OOT-SMOOTH-R2_0.0546_OOT-RAW-R2_0.0424_Params_alpha_442.9641.png
3D,整库_w=5,5,合平均面积,21,0.4023,0.0524,0.0415,203.3931,21星_Ridge_CV-R2_0.4023_OOT-SMOOTH-R2_0.0524_OOT-RAW-R2_0.0415_Params_alpha_203.3931.png
3D,整库_w=5,5,合平均面积,22,0.4003,0.052,0.0413,205.4292,22星_Ridge_CV-R2_0.4003_OOT-SMOOTH-R2_0.0520_OOT-RAW-R2_0.0413_Params_alpha_205.4292.png
3D_V,整库_w=5,5,合面积,17,0.4939,0.0528,0.0409,439.8059,17星_Ridge_CV-R2_0.4939_OOT-SMOOTH-R2_0.0528_OOT-RAW-R2_0.0409_Params_alpha_439.8059.png
3D,整库_w=5,5,合平均面积,20,0.4039,0.0511,0.0407,202.9005,20星_Ridge_CV-R2_0.4039_OOT-SMOOTH-R2_0.0511_OOT-RAW-R2_0.0407_Params_alpha_202.9005.png
3D_V,整库_w=4,4,合面积,14,0.505,0.0518,0.0405,347.9723,14星_Ridge_CV-R2_0.5050_OOT-SMOOTH-R2_0.0518_OOT-RAW-R2_0.0405_Params_alpha_347.9723.png
6D,整库_w=5,5,合面积,18,0.4749,0.0517,0.0402,749.6148,18星_Ridge_CV-R2_0.4749_OOT-SMOOTH-R2_0.0517_OOT-RAW-R2_0.0402_Params_alpha_749.6148.png
6D,整库_w=4,4,合面积,22,0.4709,0.0507,0.0399,63.3253,22星_Ridge_CV-R2_0.4709_OOT-SMOOTH-R2_0.0507_OOT-RAW-R2_0.0399_Params_alpha_63.3253.png
3D_V,整库_w=5,5,合面积,14,0.5029,0.0505,0.0396,349.977,14星_Ridge_CV-R2_0.5029_OOT-SMOOTH-R2_0.0505_OOT-RAW-R2_0.0396_Params_alpha_349.9770.png
6D,整库_w=5,5,合平均面积,22,0.4314,0.0477,0.0385,665.077,22星_Ridge_CV-R2_0.4314_OOT-SMOOTH-R2_0.0477_OOT-RAW-R2_0.0385_Params_alpha_665.0770.png
6D,整库_w=5,5,合平均面积,20,0.433,0.0473,0.0384,656.0375,20星_Ridge_CV-R2_0.4330_OOT-SMOOTH-R2_0.0473_OOT-RAW-R2_0.0384_Params_alpha_656.0375.png
6D,整库_w=5,5,合平均面积,21,0.4326,0.0472,0.0381,659.8631,21星_Ridge_CV-R2_0.4326_OOT-SMOOTH-R2_0.0472_OOT-RAW-R2_0.0381_Params_alpha_659.8631.png
6D,整库_w=5,5,合平均面积,25,0.4122,0.0455,0.0374,652.898,25星_Ridge_CV-R2_0.4122_OOT-SMOOTH-R2_0.0455_OOT-RAW-R2_0.0374_Params_alpha_652.8980.png
3D_V,整库_w=5,5,合面积,19,0.4869,0.0476,0.0372,455.3707,19星_Ridge_CV-R2_0.4869_OOT-SMOOTH-R2_0.0476_OOT-RAW-R2_0.0372_Params_alpha_455.3707.png
6D,整库_w=5,5,合平均面积,15,0.4317,0.0471,0.0371,599.5226,15星_Ridge_CV-R2_0.4317_OOT-SMOOTH-R2_0.0471_OOT-RAW-R2_0.0371_Params_alpha_599.5226.png
6D,整库_w=4,4,合面积,14,0.4871,0.0457,0.0362,563.6542,14星_Ridge_CV-R2_0.4871_OOT-SMOOTH-R2_0.0457_OOT-RAW-R2_0.0362_Params_alpha_563.6542.png
6D,整库_w=5,5,合面积,14,0.4855,0.0453,0.0359,563.6459,14星_Ridge_CV-R2_0.4855_OOT-SMOOTH-R2_0.0453_OOT-RAW-R2_0.0359_Params_alpha_563.6459.png
6D,整库_w=5,5,合平均面积,26,0.4068,0.0427,0.0354,714.3167,26星_Ridge_CV-R2_0.4068_OOT-SMOOTH-R2_0.0427_OOT-RAW-R2_0.0354_Params_alpha_714.3167.png
6D,整库_w=4,4,合面积,18,0.4305,0.0443,0.0344,1947.5465,18星_Ridge_CV-R2_0.4305_OOT-SMOOTH-R2_0.0443_OOT-RAW-R2_0.0344_Params_alpha_1947.5465.png
6D,整库_w=5,5,合面积,16,0.4821,0.0427,0.0335,717.5243,16星_Ridge_CV-R2_0.4821_OOT-SMOOTH-R2_0.0427_OOT-RAW-R2_0.0335_Params_alpha_717.5243.png
3D_V,整库_w=5,5,合面积,15,0.4978,0.0423,0.0335,365.5302,15星_Ridge_CV-R2_0.4978_OOT-SMOOTH-R2_0.0423_OOT-RAW-R2_0.0335_Params_alpha_365.5302.png
6D,整库_w=5,5,合平均面积,17,0.4249,0.0408,0.0326,595.7035,17星_Ridge_CV-R2_0.4249_OOT-SMOOTH-R2_0.0408_OOT-RAW-R2_0.0326_Params_alpha_595.7035.png
6D,整库_w=5,5,合面积,17,0.4765,0.0414,0.0324,717.6133,17星_Ridge_CV-R2_0.4765_OOT-SMOOTH-R2_0.0414_OOT-RAW-R2_0.0324_Params_alpha_717.6133.png
6D,整库_w=5,5,合平均面积,16,0.4319,0.0401,0.0322,586.9789,16星_Ridge_CV-R2_0.4319_OOT-SMOOTH-R2_0.0401_OOT-RAW-R2_0.0322_Params_alpha_586.9789.png
3D_V,整库_w=4,4,合面积,13,0.5146,0.0405,0.0318,340.3054,13星_Ridge_CV-R2_0.5146_OOT-SMOOTH-R2_0.0405_OOT-RAW-R2_0.0318_Params_alpha_340.3054.png
6D,整库_w=4,4,合面积,19,0.4295,0.0403,0.0315,2133.3784,19星_Ridge_CV-R2_0.4295_OOT-SMOOTH-R2_0.0403_OOT-RAW-R2_0.0315_Params_alpha_2133.3784.png
6D,整库_w=5,5,合平均面积,24,0.4243,0.0374,0.0311,628.6485,24星_Ridge_CV-R2_0.4243_OOT-SMOOTH-R2_0.0374_OOT-RAW-R2_0.0311_Params_alpha_628.6485.png
3D_V,整库_w=5,5,合平均面积,20,0.4613,0.0362,0.0305,397.797,20星_Ridge_CV-R2_0.4613_OOT-SMOOTH-R2_0.0362_OOT-RAW-R2_0.0305_Params_alpha_397.7970.png
6D,整库_w=5,5,合面积,15,0.4835,0.0373,0.0299,608.2316,15星_Ridge_CV-R2_0.4835_OOT-SMOOTH-R2_0.0373_OOT-RAW-R2_0.0299_Params_alpha_608.2316.png
3D_V,整库_w=5,5,合平均面积,22,0.4603,0.0357,0.0299,403.6419,22星_Ridge_CV-R2_0.4603_OOT-SMOOTH-R2_0.0357_OOT-RAW-R2_0.0299_Params_alpha_403.6419.png
6D,整库_w=5,5,合平均面积,18,0.4223,0.0368,0.0299,616.5441,18星_Ridge_CV-R2_0.4223_OOT-SMOOTH-R2_0.0368_OOT-RAW-R2_0.0299_Params_alpha_616.5441.png
3D_V,整库_w=5,5,合平均面积,21,0.462,0.0356,0.0298,400.0674,21星_Ridge_CV-R2_0.4620_OOT-SMOOTH-R2_0.0356_OOT-RAW-R2_0.0298_Params_alpha_400.0674.png
6D,整库_w=4,4,合面积,13,0.4963,0.0371,0.0295,556.0851,13星_Ridge_CV-R2_0.4963_OOT-SMOOTH-R2_0.0371_OOT-RAW-R2_0.0295_Params_alpha_556.0851.png
6D,整库_w=5,5,合平均面积,19,0.4227,0.0348,0.0292,723.3661,19星_Ridge_CV-R2_0.4227_OOT-SMOOTH-R2_0.0348_OOT-RAW-R2_0.0292_Params_alpha_723.3661.png
3D,整库_w=5,5,合平均面积,19,0.4057,0.0332,0.0275,217.5178,19星_Ridge_CV-R2_0.4057_OOT-SMOOTH-R2_0.0332_OOT-RAW-R2_0.0275_Params_alpha_217.5178.png
3D_V,整库_w=5,5,合面积,13,0.5042,0.0327,0.0262,360.605,13星_Ridge_CV-R2_0.5042_OOT-SMOOTH-R2_0.0327_OOT-RAW-R2_0.0262_Params_alpha_360.6050.png
6D,整库_w=5,5,合面积,13,0.4827,0.0324,0.0261,576.7,13星_Ridge_CV-R2_0.4827_OOT-SMOOTH-R2_0.0324_OOT-RAW-R2_0.0261_Params_alpha_576.7000.png
3D_V,整库_w=5,5,合平均面积,19,0.4448,0.0254,0.0225,447.0991,19星_Ridge_CV-R2_0.4448_OOT-SMOOTH-R2_0.0254_OOT-RAW-R2_0.0225_Params_alpha_447.0991.png
6D,整库_w=5,5,合面积,30,0.4344,0.0284,0.0225,2290.4305,30星_Ridge_CV-R2_0.4344_OOT-SMOOTH-R2_0.0284_OOT-RAW-R2_0.0225_Params_alpha_2290.4305.png
6D,整库_w=5,5,合面积,19,0.4677,0.027,0.0218,758.6229,19星_Ridge_CV-R2_0.4677_OOT-SMOOTH-R2_0.0270_OOT-RAW-R2_0.0218_Params_alpha_758.6229.png
6D,整库_w=5,5,合面积,28,0.4547,0.0276,0.0218,2217.0676,28星_Ridge_CV-R2_0.4547_OOT-SMOOTH-R2_0.0276_OOT-RAW-R2_0.0218_Params_alpha_2217.0676.png
6D,整库_w=5,5,合平均面积,14,0.4331,0.0258,0.0211,620.1233,14星_Ridge_CV-R2_0.4331_OOT-SMOOTH-R2_0.0258_OOT-RAW-R2_0.0211_Params_alpha_620.1233.png
3D,整库_w=5,5,合面积,35,0.4022,0.0246,0.0199,2311.3846,35星_Ridge_CV-R2_0.4022_OOT-SMOOTH-R2_0.0246_OOT-RAW-R2_0.0199_Params_alpha_2311.3846.png
6D,整库_w=5,5,合面积,29,0.4443,0.0244,0.0193,2116.3964,29星_Ridge_CV-R2_0.4443_OOT-SMOOTH-R2_0.0244_OOT-RAW-R2_0.0193_Params_alpha_2116.3964.png
6D,整库_w=5,5,合面积,12,0.4967,0.0232,0.019,562.6395,12星_Ridge_CV-R2_0.4967_OOT-SMOOTH-R2_0.0232_OOT-RAW-R2_0.0190_Params_alpha_562.6395.png
3D_V,整库_w=4,4,合面积,16,0.4619,0.023,0.0189,11.1055,16星_Ridge_CV-R2_0.4619_OOT-SMOOTH-R2_0.0230_OOT-RAW-R2_0.0189_Params_alpha_11.1055.png
3D_V,整库_w=4,4,合面积,15,0.462,0.0219,0.018,11.41,15星_Ridge_CV-R2_0.4620_OOT-SMOOTH-R2_0.0219_OOT-RAW-R2_0.0180_Params_alpha_11.4100.png
3D_V,整库_w=4,4,合面积,17,0.456,0.0214,0.0177,12.9539,17星_Ridge_CV-R2_0.4560_OOT-SMOOTH-R2_0.0214_OOT-RAW-R2_0.0177_Params_alpha_12.9539.png
3D_V,整库_w=5,5,合平均面积,27,0.4254,0.0172,0.0166,402.0614,27星_Ridge_CV-R2_0.4254_OOT-SMOOTH-R2_0.0172_OOT-RAW-R2_0.0166_Params_alpha_402.0614.png
3D_V,整库_w=5,5,合面积,29,0.4473,0.0206,0.0164,978.6555,29星_Ridge_CV-R2_0.4473_OOT-SMOOTH-R2_0.0206_OOT-RAW-R2_0.0164_Params_alpha_978.6555.png
3D_V,整库_w=5,5,合面积,12,0.5191,0.0197,0.0162,341.5354,12星_Ridge_CV-R2_0.5191_OOT-SMOOTH-R2_0.0197_OOT-RAW-R2_0.0162_Params_alpha_341.5354.png
3D,整库_w=5,5,合面积,18,0.4637,0.0191,0.0162,255.5703,18星_Ridge_CV-R2_0.4637_OOT-SMOOTH-R2_0.0191_OOT-RAW-R2_0.0162_Params_alpha_255.5703.png
3D_V,整库_w=5,5,合平均面积,15,0.4546,0.0174,0.0147,362.6254,15星_Ridge_CV-R2_0.4546_OOT-SMOOTH-R2_0.0174_OOT-RAW-R2_0.0147_Params_alpha_362.6254.png
6D,整库_w=4,4,合面积,20,0.43,0.016,0.0133,2286.4184,20星_Ridge_CV-R2_0.4300_OOT-SMOOTH-R2_0.0160_OOT-RAW-R2_0.0133_Params_alpha_2286.4184.png
3D_V,整库_w=5,5,合平均面积,17,0.4498,0.0127,0.0116,356.8544,17星_Ridge_CV-R2_0.4498_OOT-SMOOTH-R2_0.0127_OOT-RAW-R2_0.0116_Params_alpha_356.8544.png
3D_V,整库_w=5,5,合平均面积,16,0.4558,0.0119,0.011,353.1782,16星_Ridge_CV-R2_0.4558_OOT-SMOOTH-R2_0.0119_OOT-RAW-R2_0.0110_Params_alpha_353.1782.png
3D,整库_w=5,5,合平均面积,15,0.4155,0.01,0.0099,169.873,15星_Ridge_CV-R2_0.4155_OOT-SMOOTH-R2_0.0100_OOT-RAW-R2_0.0099_Params_alpha_169.8730.png
3D_V,整库_w=5,5,合平均面积,25,0.4412,0.0069,0.0092,398.2013,25星_Ridge_CV-R2_0.4412_OOT-SMOOTH-R2_0.0069_OOT-RAW-R2_0.0092_Params_alpha_398.2013.png
6D,整库_w=4,4,合面积,15,0.4394,0.0082,0.0077,1264.7343,15星_Ridge_CV-R2_0.4394_OOT-SMOOTH-R2_0.0082_OOT-RAW-R2_0.0077_Params_alpha_1264.7343.png
3D_V,整库_w=5,5,合平均面积,26,0.4357,0.003,0.0063,427.0103,26星_Ridge_CV-R2_0.4357_OOT-SMOOTH-R2_0.0030_OOT-RAW-R2_0.0063_Params_alpha_427.0103.png
6D,整库_w=5,5,合面积,31,0.4294,0.0065,0.0062,2328.0477,31星_Ridge_CV-R2_0.4294_OOT-SMOOTH-R2_0.0065_OOT-RAW-R2_0.0062_Params_alpha_2328.0477.png
3D,整库_w=5,5,合平均面积,17,0.4088,0.0047,0.0061,166.1968,17星_Ridge_CV-R2_0.4088_OOT-SMOOTH-R2_0.0047_OOT-RAW-R2_0.0061_Params_alpha_166.1968.png
3D,整库_w=5,5,合平均面积,16,0.4167,0.003,0.0048,163.3193,16星_Ridge_CV-R2_0.4167_OOT-SMOOTH-R2_0.0030_OOT-RAW-R2_0.0048_Params_alpha_163.3193.png
6D,整库_w=5,5,合面积,33,0.415,0.0045,0.0047,4415.3882,33星_Ridge_CV-R2_0.4150_OOT-SMOOTH-R2_0.0045_OOT-RAW-R2_0.0047_Params_alpha_4415.3882.png
6D,整库_w=5,5,合面积,32,0.4206,0.0047,0.0047,4354.5831,32星_Ridge_CV-R2_0.4206_OOT-SMOOTH-R2_0.0047_OOT-RAW-R2_0.0047_Params_alpha_4354.5831.png
3D,整库_w=5,5,合面积,16,0.471,0.003,0.0039,234.9324,16星_Ridge_CV-R2_0.4710_OOT-SMOOTH-R2_0.0030_OOT-RAW-R2_0.0039_Params_alpha_234.9324.png
3D_V,整库_w=5,5,合平均面积,24,0.4492,0,0.0039,382.6125,24星_Ridge_CV-R2_0.4492_OOT-SMOOTH-R2_-0.0000_OOT-RAW-R2_0.0039_Params_alpha_382.6125.png
3D,整库_w=5,5,合面积,17,0.4654,0.0025,0.0035,235.962,17星_Ridge_CV-R2_0.4654_OOT-SMOOTH-R2_0.0025_OOT-RAW-R2_0.0035_Params_alpha_235.9620.png
6D,整库_w=4,4,合面积,17,0.4158,0.0007,0.0021,1087.3206,17星_Ridge_CV-R2_0.4158_OOT-SMOOTH-R2_0.0007_OOT-RAW-R2_0.0021_Params_alpha_1087.3206.png
6D,整库_w=5,5,合面积,35,0.4043,0.0002,0.0014,4587.6819,35星_Ridge_CV-R2_0.4043_OOT-SMOOTH-R2_0.0002_OOT-RAW-R2_0.0014_Params_alpha_4587.6819.png
6D,整库_w=5,5,合面积,27,0.4423,-0.0015,-0.0001,2222.9152,27星_Ridge_CV-R2_0.4423_OOT-SMOOTH-R2_-0.0015_OOT-RAW-R2_-0.0001_Params_alpha_2222.9152.png
3D_V,整库_w=5,5,合平均面积,14,0.4566,-0.003,-0.0005,369.9713,14星_Ridge_CV-R2_0.4566_OOT-SMOOTH-R2_-0.0030_OOT-RAW-R2_-0.0005_Params_alpha_369.9713.png
6D,整库_w=5,5,合面积,34,0.4074,-0.0025,-0.0005,4503.8947,34星_Ridge_CV-R2_0.4074_OOT-SMOOTH-R2_-0.0025_OOT-RAW-R2_-0.0005_Params_alpha_4503.8947.png
3D,整库_w=5,5,合平均面积,14,0.415,-0.0062,-0.0023,178.0476,14星_Ridge_CV-R2_0.4150_OOT-SMOOTH-R2_-0.0062_OOT-RAW-R2_-0.0023_Params_alpha_178.0476.png
3D,整库_w=5,5,合面积,13,0.4759,-0.0063,-0.0025,169.8763,13星_Ridge_CV-R2_0.4759_OOT-SMOOTH-R2_-0.0063_OOT-RAW-R2_-0.0025_Params_alpha_169.8763.png
3D,整库_w=5,5,合面积,14,0.476,-0.0076,-0.0033,168.1421,14星_Ridge_CV-R2_0.4760_OOT-SMOOTH-R2_-0.0076_OOT-RAW-R2_-0.0033_Params_alpha_168.1421.png
3D_V,整库_w=5,5,合面积,32,0.4254,-0.0061,-0.0034,2115.1364,32星_Ridge_CV-R2_0.4254_OOT-SMOOTH-R2_-0.0061_OOT-RAW-R2_-0.0034_Params_alpha_2115.1364.png
3D,整库_w=4,4,合面积,14,0.4765,-0.0082,-0.0038,168.3233,14星_Ridge_CV-R2_0.4765_OOT-SMOOTH-R2_-0.0082_OOT-RAW-R2_-0.0038_Params_alpha_168.3233.png
3D_V,整库_w=5,5,合面积,33,0.4213,-0.0077,-0.0044,2091.5079,33星_Ridge_CV-R2_0.4213_OOT-SMOOTH-R2_-0.0077_OOT-RAW-R2_-0.0044_Params_alpha_2091.5079.png
3D,整库_w=5,5,合面积,15,0.4736,-0.0115,-0.0062,185.4837,15星_Ridge_CV-R2_0.4736_OOT-SMOOTH-R2_-0.0115_OOT-RAW-R2_-0.0062_Params_alpha_185.4837.png
3D_V,整库_w=5,5,合平均面积,29,0.4259,-0.0142,-0.0071,483.8778,29星_Ridge_CV-R2_0.4259_OOT-SMOOTH-R2_-0.0142_OOT-RAW-R2_-0.0071_Params_alpha_483.8778.png
3D_V,整库_w=5,5,合平均面积,28,0.4215,-0.0148,-0.0073,404.3636,28星_Ridge_CV-R2_0.4215_OOT-SMOOTH-R2_-0.0148_OOT-RAW-R2_-0.0073_Params_alpha_404.3636.png
6D,整库_w=4,4,合面积,16,0.4187,-0.0119,-0.0074,972.0562,16星_Ridge_CV-R2_0.4187_OOT-SMOOTH-R2_-0.0119_OOT-RAW-R2_-0.0074_Params_alpha_972.0562.png
3D_V,整库_w=5,5,合面积,27,0.4429,-0.0119,-0.008,1015.3693,27星_Ridge_CV-R2_0.4429_OOT-SMOOTH-R2_-0.0119_OOT-RAW-R2_-0.0080_Params_alpha_1015.3693.png
3D_V,整库_w=5,5,合平均面积,30,0.421,-0.0163,-0.0086,479.1418,30星_Ridge_CV-R2_0.4210_OOT-SMOOTH-R2_-0.0163_OOT-RAW-R2_-0.0086_Params_alpha_479.1418.png
3D,整库_w=5,5,合面积,12,0.4852,-0.0144,-0.0087,167.0302,12星_Ridge_CV-R2_0.4852_OOT-SMOOTH-R2_-0.0144_OOT-RAW-R2_-0.0087_Params_alpha_167.0302.png
3D,整库_w=4,4,合面积,13,0.4836,-0.0149,-0.0089,167.1554,13星_Ridge_CV-R2_0.4836_OOT-SMOOTH-R2_-0.0149_OOT-RAW-R2_-0.0089_Params_alpha_167.1554.png
3D_V,整库_w=5,5,合平均面积,18,0.449,-0.0158,-0.0091,364.8178,18星_Ridge_CV-R2_0.4490_OOT-SMOOTH-R2_-0.0158_OOT-RAW-R2_-0.0091_Params_alpha_364.8178.png
3D_V,整库_w=5,5,合平均面积,32,0.4183,-0.0173,-0.0094,477.0552,32星_Ridge_CV-R2_0.4183_OOT-SMOOTH-R2_-0.0173_OOT-RAW-R2_-0.0094_Params_alpha_477.0552.png
3D_V,整库_w=5,5,合平均面积,31,0.4194,-0.0201,-0.0114,479.3022,31星_Ridge_CV-R2_0.4194_OOT-SMOOTH-R2_-0.0201_OOT-RAW-R2_-0.0114_Params_alpha_479.3022.png
3D,整库_w=5,5,合面积,39,0.4058,-0.0218,-0.0148,4435.2451,39星_Ridge_CV-R2_0.4058_OOT-SMOOTH-R2_-0.0218_OOT-RAW-R2_-0.0148_Params_alpha_4435.2451.png
3D,整库_w=5,5,合面积,36,0.4059,-0.0257,-0.0176,3222.3628,36星_Ridge_CV-R2_0.4059_OOT-SMOOTH-R2_-0.0257_OOT-RAW-R2_-0.0176_Params_alpha_3222.3628.png
3D,整库_w=5,5,合面积,37,0.404,-0.0257,-0.0177,3232.2123,37星_Ridge_CV-R2_0.4040_OOT-SMOOTH-R2_-0.0257_OOT-RAW-R2_-0.0177_Params_alpha_3232.2123.png
3D_V,整库_w=5,5,合面积,35,0.406,-0.0257,-0.0181,1916.7573,35星_Ridge_CV-R2_0.4060_OOT-SMOOTH-R2_-0.0257_OOT-RAW-R2_-0.0181_Params_alpha_1916.7573.png
3D_V,整库_w=5,5,合面积,34,0.4095,-0.0271,-0.0189,1874.5564,34星_Ridge_CV-R2_0.4095_OOT-SMOOTH-R2_-0.0271_OOT-RAW-R2_-0.0189_Params_alpha_1874.5564.png
3D_V,整库_w=5,5,合面积,20,0.4937,-0.0321,-0.0225,483.0108,20星_Ridge_CV-R2_0.4937_OOT-SMOOTH-R2_-0.0321_OOT-RAW-R2_-0.0225_Params_alpha_483.0108.png
6D,整库_w=5,5,合面积,37,0.4081,-0.0398,-0.0284,6861.7723,37星_Ridge_CV-R2_0.4081_OOT-SMOOTH-R2_-0.0398_OOT-RAW-R2_-0.0284_Params_alpha_6861.7723.png
6D,整库_w=5,5,合面积,36,0.4099,-0.0404,-0.0289,6821.4437,36星_Ridge_CV-R2_0.4099_OOT-SMOOTH-R2_-0.0404_OOT-RAW-R2_-0.0289_Params_alpha_6821.4437.png
3D,整库_w=5,5,合面积,38,0.4101,-0.0449,-0.032,4075.1725,38星_Ridge_CV-R2_0.4101_OOT-SMOOTH-R2_-0.0449_OOT-RAW-R2_-0.0320_Params_alpha_4075.1725.png
6D,整库_w=5,5,合面积,39,0.4068,-0.0508,-0.0368,8656.6597,39星_Ridge_CV-R2_0.4068_OOT-SMOOTH-R2_-0.0508_OOT-RAW-R2_-0.0368_Params_alpha_8656.6597.png
3D_V,整库_w=5,5,合面积,41,0.401,-0.0554,-0.04,4021.2834,41星_Ridge_CV-R2_0.4010_OOT-SMOOTH-R2_-0.0554_OOT-RAW-R2_-0.0400_Params_alpha_4021.2834.png
3D_V,整库_w=5,5,合面积,37,0.4086,-0.0565,-0.041,3047.745,37星_Ridge_CV-R2_0.4086_OOT-SMOOTH-R2_-0.0565_OOT-RAW-R2_-0.0410_Params_alpha_3047.7450.png
6D,整库_w=5,5,合面积,20,0.4767,-0.0574,-0.0413,804.9957,20星_Ridge_CV-R2_0.4767_OOT-SMOOTH-R2_-0.0574_OOT-RAW-R2_-0.0413_Params_alpha_804.9957.png
3D_V,整库_w=5,5,合面积,36,0.4103,-0.0574,-0.0417,3024.6586,36星_Ridge_CV-R2_0.4103_OOT-SMOOTH-R2_-0.0574_OOT-RAW-R2_-0.0417_Params_alpha_3024.6586.png
6D,整库_w=5,5,合面积,38,0.4088,-0.0655,-0.0477,7892.6458,38星_Ridge_CV-R2_0.4088_OOT-SMOOTH-R2_-0.0655_OOT-RAW-R2_-0.0477_Params_alpha_7892.6458.png
3D_V,整库_w=5,5,合面积,21,0.4473,-0.0684,-0.0497,404.7623,21星_Ridge_CV-R2_0.4473_OOT-SMOOTH-R2_-0.0684_OOT-RAW-R2_-0.0497_Params_alpha_404.7623.png
3D,整库_w=4,4,合数,18,0.4431,-0.0741,-0.0547,1455.3019,18星_Ridge_CV-R2_0.4431_OOT-SMOOTH-R2_-0.0741_OOT-RAW-R2_-0.0547_Params_alpha_1455.3019.png
6D,整库_w=5,5,合面积,22,0.4218,-0.0753,-0.055,646.0071,22星_Ridge_CV-R2_0.4218_OOT-SMOOTH-R2_-0.0753_OOT-RAW-R2_-0.0550_Params_alpha_646.0071.png
3D_V,整库_w=5,5,合面积,39,0.4072,-0.0762,-0.0558,3453.2887,39星_Ridge_CV-R2_0.4072_OOT-SMOOTH-R2_-0.0762_OOT-RAW-R2_-0.0558_Params_alpha_3453.2887.png
6D,整库_w=5,5,合面积,23,0.4189,-0.0771,-0.0564,643.6687,23星_Ridge_CV-R2_0.4189_OOT-SMOOTH-R2_-0.0771_OOT-RAW-R2_-0.0564_Params_alpha_643.6687.png
3D_V,整库_w=5,5,合面积,40,0.4004,-0.0777,-0.0568,3463.5034,40星_Ridge_CV-R2_0.4004_OOT-SMOOTH-R2_-0.0777_OOT-RAW-R2_-0.0568_Params_alpha_3463.5034.png
6D,整库_w=5,5,合面积,25,0.4115,-0.0802,-0.0589,744.2843,25星_Ridge_CV-R2_0.4115_OOT-SMOOTH-R2_-0.0802_OOT-RAW-R2_-0.0589_Params_alpha_744.2843.png
6D,整库_w=5,5,合面积,24,0.4222,-0.0811,-0.0594,651.4446,24星_Ridge_CV-R2_0.4222_OOT-SMOOTH-R2_-0.0811_OOT-RAW-R2_-0.0594_Params_alpha_651.4446.png
3D,整库_w=4,4,合数,19,0.4438,-0.0809,-0.0596,1519.5829,19星_Ridge_CV-R2_0.4438_OOT-SMOOTH-R2_-0.0809_OOT-RAW-R2_-0.0596_Params_alpha_1519.5829.png
3D_V,整库_w=5,5,合面积,25,0.4374,-0.0828,-0.0607,431.7874,25星_Ridge_CV-R2_0.4374_OOT-SMOOTH-R2_-0.0828_OOT-RAW-R2_-0.0607_Params_alpha_431.7874.png
3D_V,整库_w=5,5,合面积,38,0.4076,-0.0832,-0.061,3053.7634,38星_Ridge_CV-R2_0.4076_OOT-SMOOTH-R2_-0.0832_OOT-RAW-R2_-0.0610_Params_alpha_3053.7634.png
3D_V,整库_w=5,5,合面积,22,0.4412,-0.0836,-0.0611,375.7883,22星_Ridge_CV-R2_0.4412_OOT-SMOOTH-R2_-0.0836_OOT-RAW-R2_-0.0611_Params_alpha_375.7883.png
3D_V,整库_w=5,5,合面积,23,0.4385,-0.0855,-0.0626,373.5605,23星_Ridge_CV-R2_0.4385_OOT-SMOOTH-R2_-0.0855_OOT-RAW-R2_-0.0626_Params_alpha_373.5605.png
3D_V,整库_w=5,5,合面积,26,0.4374,-0.0855,-0.0628,426.8451,26星_Ridge_CV-R2_0.4374_OOT-SMOOTH-R2_-0.0855_OOT-RAW-R2_-0.0628_Params_alpha_426.8451.png
6D,整库_w=5,5,合面积,26,0.4125,-0.0859,-0.0632,730.0132,26星_Ridge_CV-R2_0.4125_OOT-SMOOTH-R2_-0.0859_OOT-RAW-R2_-0.0632_Params_alpha_730.0132.png
3D,整库_w=4,4,合数,20,0.4329,-0.0878,-0.0648,1470.7289,20星_Ridge_CV-R2_0.4329_OOT-SMOOTH-R2_-0.0878_OOT-RAW-R2_-0.0648_Params_alpha_1470.7289.png
3D_V,整库_w=5,5,合面积,24,0.4449,-0.0902,-0.0661,381.8505,24星_Ridge_CV-R2_0.4449_OOT-SMOOTH-R2_-0.0902_OOT-RAW-R2_-0.0661_Params_alpha_381.8505.png
6D,整库_w=5,5,合面积,21,0.4276,-0.0928,-0.0677,650.7492,21星_Ridge_CV-R2_0.4276_OOT-SMOOTH-R2_-0.0928_OOT-RAW-R2_-0.0677_Params_alpha_650.7492.png
3D_V,整库_w=5,5,合平均面积,33,0.4279,-0.0975,-0.0695,495.451,33星_Ridge_CV-R2_0.4279_OOT-SMOOTH-R2_-0.0975_OOT-RAW-R2_-0.0695_Params_alpha_495.4510.png
3D,整库_w=4,4,合数,21,0.4322,-0.096,-0.0712,1462.136,21星_Ridge_CV-R2_0.4322_OOT-SMOOTH-R2_-0.0960_OOT-RAW-R2_-0.0712_Params_alpha_1462.1360.png
3D,整库_w=4,4,合面积,19,0.4401,-0.1026,-0.0719,8.052,19星_Ridge_CV-R2_0.4401_OOT-SMOOTH-R2_-0.1026_OOT-RAW-R2_-0.0719_Params_alpha_8.0520.png
3D,整库_w=4,4,合面积,17,0.4368,-0.1077,-0.0768,6.2601,17星_Ridge_CV-R2_0.4368_OOT-SMOOTH-R2_-0.1077_OOT-RAW-R2_-0.0768_Params_alpha_6.2601.png
3D,整库_w=4,4,合数,22,0.4162,-0.1085,-0.0805,1396.0111,22星_Ridge_CV-R2_0.4162_OOT-SMOOTH-R2_-0.1085_OOT-RAW-R2_-0.0805_Params_alpha_1396.0111.png
3D,整库_w=4,4,合数,23,0.4144,-0.1095,-0.0812,1400.996,23星_Ridge_CV-R2_0.4144_OOT-SMOOTH-R2_-0.1095_OOT-RAW-R2_-0.0812_Params_alpha_1400.9960.png
3D,整库_w=5,5,合面积,34,0.4047,-0.1182,-0.0828,14.0096,34星_Ridge_CV-R2_0.4047_OOT-SMOOTH-R2_-0.1182_OOT-RAW-R2_-0.0828_Params_alpha_14.0096.png
3D,整库_w=4,4,合面积,18,0.4387,-0.1296,-0.0919,6.7457,18星_Ridge_CV-R2_0.4387_OOT-SMOOTH-R2_-0.1296_OOT-RAW-R2_-0.0919_Params_alpha_6.7457.png
3D,整库_w=4,4,合数,16,0.4515,-0.1256,-0.0921,1297.7277,16星_Ridge_CV-R2_0.4515_OOT-SMOOTH-R2_-0.1256_OOT-RAW-R2_-0.0921_Params_alpha_1297.7277.png
3D,整库_w=4,4,合数,17,0.4471,-0.1274,-0.0934,1280.6108,17星_Ridge_CV-R2_0.4471_OOT-SMOOTH-R2_-0.1274_OOT-RAW-R2_-0.0934_Params_alpha_1280.6108.png
6D,整库_w=4,4,合数,16,0.4601,-0.2864,-0.2221,2993.3533,16星_Ridge_CV-R2_0.4601_OOT-SMOOTH-R2_-0.2864_OOT-RAW-R2_-0.2221_Params_alpha_2993.3533.png
6D,整库_w=4,4,合数,17,0.4559,-0.2912,-0.2257,2970.2392,17星_Ridge_CV-R2_0.4559_OOT-SMOOTH-R2_-0.2912_OOT-RAW-R2_-0.2257_Params_alpha_2970.2392.png
3D,整库_w=4,4,合面积,16,0.4456,-0.3588,-0.2618,0.3827,16星_Ridge_CV-R2_0.4456_OOT-SMOOTH-R2_-0.3588_OOT-RAW-R2_-0.2618_Params_alpha_0.3827.png
3D,整库_w=5,5,合面积,19,0.4532,-0.3587,-0.2623,1.7552,19星_Ridge_CV-R2_0.4532_OOT-SMOOTH-R2_-0.3587_OOT-RAW-R2_-0.2623_Params_alpha_1.7552.png
6D,整库_w=4,4,合数,15,0.4313,-0.351,-0.2694,2286.6948,15星_Ridge_CV-R2_0.4313_OOT-SMOOTH-R2_-0.3510_OOT-RAW-R2_-0.2694_Params_alpha_2286.6948.png
3D,整库_w=4,4,合数,15,0.4318,-0.3657,-0.2713,904.3056,15星_Ridge_CV-R2_0.4318_OOT-SMOOTH-R2_-0.3657_OOT-RAW-R2_-0.2713_Params_alpha_904.3056.png
3D,整库_w=5,5,合面积,32,0.4481,-0.4001,-0.2924,7.4792,32星_Ridge_CV-R2_0.4481_OOT-SMOOTH-R2_-0.4001_OOT-RAW-R2_-0.2924_Params_alpha_7.4792.png
3D,整库_w=4,4,合面积,15,0.4587,-0.4181,-0.3055,0.1924,15星_Ridge_CV-R2_0.4587_OOT-SMOOTH-R2_-0.4181_OOT-RAW-R2_-0.3055_Params_alpha_0.1924.png
3D,整库_w=5,5,合面积,33,0.4207,-0.4365,-0.3193,6.9862,33星_Ridge_CV-R2_0.4207_OOT-SMOOTH-R2_-0.4365_OOT-RAW-R2_-0.3193_Params_alpha_6.9862.png
6D,整库_w=4,4,合数,14,0.408,-0.4232,-0.3247,2042.8636,14星_Ridge_CV-R2_0.4080_OOT-SMOOTH-R2_-0.4232_OOT-RAW-R2_-0.3247_Params_alpha_2042.8636.png
3D,整库_w=5,5,合面积,31,0.4515,-0.4712,-0.3449,5.0391,31星_Ridge_CV-R2_0.4515_OOT-SMOOTH-R2_-0.4712_OOT-RAW-R2_-0.3449_Params_alpha_5.0391.png
6D,整库_w=4,4,合数,19,0.4461,-0.4712,-0.3616,3484.212,19星_Ridge_CV-R2_0.4461_OOT-SMOOTH-R2_-0.4712_OOT-RAW-R2_-0.3616_Params_alpha_3484.2120.png
6D,整库_w=4,4,合数,20,0.4327,-0.495,-0.3796,3371.9396,20星_Ridge_CV-R2_0.4327_OOT-SMOOTH-R2_-0.4950_OOT-RAW-R2_-0.3796_Params_alpha_3371.9396.png
6D,整库_w=4,4,合数,22,0.4149,-0.5137,-0.394,3248.572,22星_Ridge_CV-R2_0.4149_OOT-SMOOTH-R2_-0.5137_OOT-RAW-R2_-0.3940_Params_alpha_3248.5720.png
6D,整库_w=4,4,合数,21,0.4316,-0.5147,-0.3948,3368.4172,21星_Ridge_CV-R2_0.4316_OOT-SMOOTH-R2_-0.5147_OOT-RAW-R2_-0.3948_Params_alpha_3368.4172.png
6D,整库_w=4,4,合数,23,0.4124,-0.5321,-0.4077,3215.7358,23星_Ridge_CV-R2_0.4124_OOT-SMOOTH-R2_-0.5321_OOT-RAW-R2_-0.4077_Params_alpha_3215.7358.png
6D,整库_w=4,4,合数,18,0.4471,-0.5393,-0.4132,3426.6058,18星_Ridge_CV-R2_0.4471_OOT-SMOOTH-R2_-0.5393_OOT-RAW-R2_-0.4132_Params_alpha_3426.6058.png
3D,整库_w=5,5,合面积,30,0.4514,-0.5863,-0.4306,4.3873,30星_Ridge_CV-R2_0.4514_OOT-SMOOTH-R2_-0.5863_OOT-RAW-R2_-0.4306_Params_alpha_4.3873.png
3D,整库_w=5,5,合面积,28,0.4792,-0.5961,-0.4377,3.5877,28星_Ridge_CV-R2_0.4792_OOT-SMOOTH-R2_-0.5961_OOT-RAW-R2_-0.4377_Params_alpha_3.5877.png
3D,整库_w=5,5,合面积,29,0.462,-0.631,-0.4637,3.8939,29星_Ridge_CV-R2_0.4620_OOT-SMOOTH-R2_-0.6310_OOT-RAW-R2_-0.4637_Params_alpha_3.8939.png
3D,整库_w=5,5,合面积,20,0.4832,-0.7733,-0.5725,3.8181,20星_Ridge_CV-R2_0.4832_OOT-SMOOTH-R2_-0.7733_OOT-RAW-R2_-0.5725_Params_alpha_3.8181.png
3D,整库_w=5,5,合面积,26,0.4467,-0.803,-0.5951,2.4599,26星_Ridge_CV-R2_0.4467_OOT-SMOOTH-R2_-0.8030_OOT-RAW-R2_-0.5951_Params_alpha_2.4599.png
3D,整库_w=4,4,合面积,10,0.4641,-0.8816,-0.6534,4.3731,10星_Ridge_CV-R2_0.4641_OOT-SMOOTH-R2_-0.8816_OOT-RAW-R2_-0.6534_Params_alpha_4.3731.png
3D,整库_w=5,5,合面积,21,0.4884,-0.9502,-0.7038,2.6889,21星_Ridge_CV-R2_0.4884_OOT-SMOOTH-R2_-0.9502_OOT-RAW-R2_-0.7038_Params_alpha_2.6889.png
3D,整库_w=5,5,合面积,22,0.4715,-0.9691,-0.7181,2.4435,22星_Ridge_CV-R2_0.4715_OOT-SMOOTH-R2_-0.9691_OOT-RAW-R2_-0.7181_Params_alpha_2.4435.png
3D,整库_w=5,5,合面积,23,0.4705,-0.9704,-0.7191,2.4611,23星_Ridge_CV-R2_0.4705_OOT-SMOOTH-R2_-0.9704_OOT-RAW-R2_-0.7191_Params_alpha_2.4611.png
3D,整库_w=5,5,合面积,24,0.4583,-1.0325,-0.7659,2.1752,24星_Ridge_CV-R2_0.4583_OOT-SMOOTH-R2_-1.0325_OOT-RAW-R2_-0.7659_Params_alpha_2.1752.png
3D,整库_w=5,5,合面积,27,0.4431,-1.1581,-0.86,2.702,27星_Ridge_CV-R2_0.4431_OOT-SMOOTH-R2_-1.1581_OOT-RAW-R2_-0.8600_Params_alpha_2.7020.png
3D,整库_w=5,5,合面积,25,0.448,-1.1965,-0.8885,2.1763,25星_Ridge_CV-R2_0.4480_OOT-SMOOTH-R2_-1.1965_OOT-RAW-R2_-0.8885_Params_alpha_2.1763.png
3D_V,整库_w=4,4,合数,15,0.4243,-1.6449,-1.2467,1225.134,15星_Ridge_CV-R2_0.4243_OOT-SMOOTH-R2_-1.6449_OOT-RAW-R2_-1.2467_Params_alpha_1225.1340.png
3D_V,整库_w=4,4,合数,16,0.4593,-1.9016,-1.4407,1392.1906,16星_Ridge_CV-R2_0.4593_OOT-SMOOTH-R2_-1.9016_OOT-RAW-R2_-1.4407_Params_alpha_1392.1906.png
3D_V,整库_w=4,4,合数,17,0.4555,-1.9239,-1.4575,1373.4112,17星_Ridge_CV-R2_0.4555_OOT-SMOOTH-R2_-1.9239_OOT-RAW-R2_-1.4575_Params_alpha_1373.4112.png
3D_V,整库_w=4,4,合数,19,0.4401,-2.208,-1.6711,1614.4508,19星_Ridge_CV-R2_0.4401_OOT-SMOOTH-R2_-2.2080_OOT-RAW-R2_-1.6711_Params_alpha_1614.4508.png
3D_V,整库_w=4,4,合数,18,0.4431,-2.2814,-1.7264,1683.3198,18星_Ridge_CV-R2_0.4431_OOT-SMOOTH-R2_-2.2814_OOT-RAW-R2_-1.7264_Params_alpha_1683.3198.png
3D_V,整库_w=4,4,合数,20,0.424,-2.2887,-1.7318,1536.7855,20星_Ridge_CV-R2_0.4240_OOT-SMOOTH-R2_-2.2887_OOT-RAW-R2_-1.7318_Params_alpha_1536.7855.png
3D_V,整库_w=4,4,合数,22,0.4064,-2.3222,-1.7576,1499.8842,22星_Ridge_CV-R2_0.4064_OOT-SMOOTH-R2_-2.3222_OOT-RAW-R2_-1.7576_Params_alpha_1499.8842.png
3D_V,整库_w=4,4,合数,21,0.4231,-2.3458,-1.7754,1547.6856,21星_Ridge_CV-R2_0.4231_OOT-SMOOTH-R2_-2.3458_OOT-RAW-R2_-1.7754_Params_alpha_1547.6856.png
3D_V,整库_w=4,4,合数,23,0.4026,-2.4325,-1.8402,1454.3549,23星_Ridge_CV-R2_0.4026_OOT-SMOOTH-R2_-2.4325_OOT-RAW-R2_-1.8402_Params_alpha_1454.3549.png
3D_V,整库_w=4,4,合数,14,0.4559,-10.9335,-8.2281,0.1,14星_Ridge_CV-R2_0.4559_OOT-SMOOTH-R2_-10.9335_OOT-RAW-R2_-8.2281_Params_alpha_0.1000.png
